{
    "users": {
        "b9f216521528fbbcc166de60": {
            "passed_tests": {
                "1": true
            },
            "mistakes": {
                "1": [
                    1,
                    2,
                    3,
                    4,
                    5,
                    6,
                    16,
                    18
                ],
                "2": [
                    22,
                    23,
                    24
                ],
                "113": [
                    1685
                ],
                "0": [
                    832
                ],
                "7": [
                    107,
                    108
                ],
                "8": [
                    114
                ],
                "11": [
                    146
                ]
            },
            "updated_at": "2026-02-23T21:53:45+00:00"
        }
    }
}